{"Loss_Train":680.6959699592335,"Direcloss_Val":1.2673300353686014,"Loss_Val":399.4905029296875,"Posloss_Train":53.98561786165173,"Actloss_Train":9.600747150304701e-09,"_step":149,"Direcloss_Train":1.200004003792001,"Laneloss_Train":120.63136148132733,"Posloss_Val":54.595937983194986,"_timestamp":1.751757773192104e+09,"KLDloss_Train":222.29077117715107,"Actloss_Val":2.066294124839866e-08,"_runtime":5604.851180073,"Laneloss_Val":121.70715927124023,"KLDloss_Val":221.92007568359375,"_wandb":{"runtime":5604}}