{"Posloss_Val":114.77504989624023,"_runtime":2219.475297411,"_step":99,"_wandb":{"runtime":2219},"Posloss_Train":115.03377212934046,"_timestamp":1.7515680369365928e+09}