{"_step":149,"KLDloss_Train":434.72339348505005,"_wandb":{"runtime":5153},"Posloss_Val":49.686221771240234,"Loss_Train":611.6830735174601,"Direcloss_Train":1.3157967849065793,"Direcloss_Val":1.2229686307907104,"Laneloss_Train":96.78269253161129,"KLDloss_Val":435.56651774088544,"Posloss_Train":49.86004908772923,"Actloss_Train":9.200715142785443e-09,"_runtime":5153.559129882,"Laneloss_Val":91.66249079386394,"_timestamp":1.7518163973325167e+09,"Loss_Val":601.0760961914062,"Actloss_Val":1.4305112756574089e-08}