{"_step":30,"_wandb":{"runtime":682},"Posloss_Train":227.42697522464215,"_timestamp":1.7515647851079302e+09,"Posloss_Val":243.15354919433594,"_runtime":682.968343924}