{"Posloss":811.0496157730553,"_timestamp":1.751640346651462e+09,"_step":0,"_wandb":{"runtime":25},"_runtime":25.282314268}