{"_runtime":5914.408990244,"_step":149,"_wandb":{"runtime":5914},"Posloss_Train":1.3648372192510823,"Posloss_Val":10.798443088531494,"_timestamp":1.7516802743333688e+09}