{"Posloss_Train":80.7678783339942,"Loss_Val":638.0937947591145,"Actloss_Val":3.1789140090647077e-09,"_timestamp":1.7517465738201113e+09,"KLDloss_Train":267.09725071439806,"KLDloss_Val":266.70750813802084,"Direcloss_Train":1.8578858063525001,"_step":149,"Posloss_Val":79.3026101175944,"Actloss_Train":1.0000777727201e-08,"Laneloss_Train":294.81283594937935,"Direcloss_Val":1.9261214351654052,"Loss_Train":1181.6523236780358,"Laneloss_Val":290.1575571695964,"_runtime":2827.052439528,"_wandb":{"runtime":2827}}