{"_step":149,"Posloss_Train":55.416649991233875,"Posloss_Val":59.65651613871257,"_timestamp":1.7516534297286458e+09,"_runtime":3455.906628172,"_wandb":{"runtime":3455}}