{"Laneloss_Train":2374.7217489152945,"Direcloss_Val":600,"_wandb":{"runtime":134},"_step":6,"Direcloss_Train":598.8926174496644,"Actloss_Train":1251.576178019479,"_runtime":134.150952453,"Laneloss_Val":2357.644375,"Posloss_Train":133.9031640635241,"Posloss_Val":129.23923482259116,"Actloss_Val":1243.2113435872395,"Loss_Train":7761.3130456297185,"Loss_Val":4330.094928385417,"_timestamp":1.751742737993054e+09}