{"_wandb":{"runtime":10466},"Loss_Val":349.00026814778647,"Direcloss_Val":0.6619589936733246,"Laneloss_Train":27.222602473009353,"_timestamp":1.7519440021746545e+09,"Loss_Train":325.7519863051856,"_runtime":10466.954046032,"Direcloss_Train":0.6885346008227176,"_step":299,"Posloss_Train":33.56704055862939,"Actloss_Train":6.000466641089344e-09,"KLDloss_Val":269.63893107096357,"Laneloss_Val":35.88493633270264,"Actloss_Val":3.1789141985427706e-09,"Posloss_Val":35.43724227905273,"KLDloss_Train":272.70016976170893}