{"Posloss_Val":69.93262176513672,"_timestamp":1.7516475932434087e+09,"_runtime":2298.941114159,"_wandb":{"runtime":2298},"_step":99,"Posloss_Train":68.98167357988805}