{"Posloss_Train":617.839272518286,"Posloss_Val":200.27541463216147,"_timestamp":1.7516497974474642e+09,"_runtime":23.576000165,"_step":0,"_wandb":{"runtime":23}}